age_band,coverage
0-4,0
5-11,0.7820889525101082
12-15,0.9971432793183274
16-19,0.9649274624586409
20-24,0.860556304374464
25-29,0.9967516379452733
30-34,0.9975895955288322
35-39,0.9984371210692248
40-44,0.998604199538779
45-49,0.9930909578749665
50-54,0.9990267815304762
55-59,0.9960085589663402
60-64,0.9981836345472709
65-69,0.9987294192387104
70-74,0.9987040527803959
75-79,0.9993632601082458
80+,0.9985574510787757
